step,loss
0,0.00132466
100,0.0010059035
200,0.0013029565
300,0.00083204405
400,0.0011526207
500,0.0004888612
